title,price,link
Appartement à vendre 94 m² sur bourgogne,1750000,https://www.avito.ma/fr/bourgogne/appartements/Appartement_%C3%A0_vendre_94_m%C2%B2_sur_bourgogne_57729273.htm
Appartement à vendre 46 m² à Marrakech,874000,https://www.avito.ma/fr/gu%C3%A9liz/appartements/Appartement_%C3%A0_vendre_46_m%C2%B2_%C3%A0_Marrakech_57403547.htm
Studio idéal pour investissement 47m²,1205000,https://www.avito.ma/fr/bachkou/appartements/Studio_id%C3%A9al_pour_investissement_47m%C2%B2_57624295.htm
CMN-MA-2450 - Appartement à vendre à Bd Anoual,1800000,https://www.avito.ma/fr/autre_secteur/appartements/CMN_MA_2450___Appartement_%C3%A0_vendre_%C3%A0_Bd_Anoual_57276428.htm
Appartement à vendre 100 m² à Marrakech,2400000,https://www.avito.ma/fr/hivernage/appartements/Appartement_%C3%A0_vendre_100_m%C2%B2_%C3%A0_Marrakech_57764655.htm
Studio à vendre 33m² à Palmier,970000,https://www.avito.ma/fr/palmier/appartements/Studio_%C3%A0_vendre_33m%C2%B2_%C3%A0_Palmier_57737757.htm
Studio 49m Neuf Proche Tram Anoual,1020000,https://www.avito.ma/fr/quartier_des_h%C3%B4pitaux/appartements/Studio_49m_Neuf_Proche_Tram_Anoual_57486720.htm
Appartement vue sur mer à vendre à Asilah,2000000,https://www.avito.ma/fr/asilah/appartements/Appartement_vue_sur_mer_%C3%A0_vendre_%C3%A0_Asilah_57749648.htm
Studio neuf 41 m2 à vendre à Roche Noires,640000,https://www.avito.ma/fr/roches_noires/appartements/Studio_neuf_41_m2_%C3%A0_vendre_%C3%A0_Roche_Noires_55587139.htm
Appartement à vendre 111 m² à Temara,1190000,https://www.avito.ma/fr/autre_secteur/appartements/Appartement_%C3%A0_vendre_111_m%C2%B2_%C3%A0_Temara_57848474.htm
Appart 105m A Résidence Casa Park Sidi Maarouf,1250000,https://www.avito.ma/fr/sidi_maarouf/appartements/Appart_105m_A_R%C3%A9sidence_Casa_Park_Sidi_Maarouf_57384299.htm
CMN-AN-1884 - Appartement à vendre à Bourgogne,1300000,https://www.avito.ma/fr/bourgogne/appartements/CMN_AN_1884___Appartement_%C3%A0_vendre_%C3%A0_Bourgogne_57370097.htm
CMN-MA-2188 - Appartement à vendre à Racine,1680000,https://www.avito.ma/fr/racine/appartements/CMN_MA_2188___Appartement_%C3%A0_vendre_%C3%A0_Racine_56537855.htm
Duplex Avec Cour Spacieuse En Résidence Fermée,1800000,https://www.avito.ma/fr/semlalia/appartements/Duplex_Avec_Cour_Spacieuse_En_R%C3%A9sidence_Ferm%C3%A9e_57397321.htm
Appartement 74 m² à ALMAZ,830000,https://www.avito.ma/fr/almaz/appartements/Appartement_74_m%C2%B2_%C3%A0_ALMAZ_57443082.htm
Bel Appartement Moderne Aux Palmeraies À Vendre,1500000,https://www.avito.ma/fr/palmeraie/appartements/Bel_Appartement_Moderne_Aux_Palmeraies_%C3%80_Vendre_57779634.htm
Appartement à vendre 154 m² à Rabat,1,https://www.avito.ma/fr/haut_agdal/appartements/Appartement_%C3%A0_vendre_154_m%C2%B2_%C3%A0_Rabat_57803251.htm
CMN-ME-1690 - Appartement à vendre à 2 Mars,1700000,https://www.avito.ma/fr/2_mars/appartements/CMN_ME_1690___Appartement_%C3%A0_vendre_%C3%A0_2_Mars_57325115.htm
"Appartement 112 mètres, 3 façades avec soutien",830000,https://www.avito.ma/fr/m_hamid/appartements/Appartement_112_m%C3%A8tres__3_fa%C3%A7ades_avec_soutien_56223074.htm
Appart 68m Maarif Ex Près Carrefour Yacoub,920000,https://www.avito.ma/fr/ma%C3%A2rif_extension/appartements/Appart_68m_Maarif_Ex_Pr%C3%A8s_Carrefour_Yacoub_57779357.htm
Appartement à vendre 111 m² à Marrakech,2600000,https://www.avito.ma/fr/gu%C3%A9liz/appartements/Appartement_%C3%A0_vendre_111_m%C2%B2_%C3%A0_Marrakech_57757647.htm
Appartement meublé neuf sur corniche Martil,1500000,https://www.avito.ma/fr/martil/appartements/Appartement_meubl%C3%A9_neuf_sur_corniche_Martil_57833371.htm
Appartement à vendre,770000,https://www.avito.ma/fr/hay_al_wahda/appartements/Appartement_%C3%A0_vendre_55592654.htm
Lancement projets appartements près Mahatta Jadida,380000,https://www.avito.ma/fr/aouama_gharbia/appartements/Lancement_projets_appartements_pr%C3%A8s_Mahatta_Jadida_55013303.htm
Vente Urgente Appartement Économique AinChock Lamkansa4,430000,https://www.avito.ma/fr/lamkansa/appartements/Vente_Urgente_Appartement_%C3%89conomique_AinChock_Lamkansa4_57814995.htm
Appartement à Mohammedia au quartier du Parc,1450000,https://www.avito.ma/fr/quartier_du_parc/appartements/Appartement_%C3%A0_Mohammedia_au_quartier_du_Parc_57567583.htm
Appartement à vendre quartier Moughamae El Hassani,760000000,https://www.avito.ma/fr/autre_secteur/appartements/Appartement_%C3%A0_vendre_quartier_Moughamae_El_Hassani_57848399.htm
DES Appartements de 109 m² à Victoria - BOUSKOURA,855000,https://www.avito.ma/fr/victoria/appartements/DES_Appartements_de_109_m%C2%B2_%C3%A0_Victoria___BOUSKOURA_56454082.htm
CMN-AC-2063 - Appartement à vendre à Sidi Maarouf,900000,https://www.avito.ma/fr/sidi_maarouf/appartements/CMN_AC_2063___Appartement_%C3%A0_vendre_%C3%A0_Sidi_Maarouf_57349576.htm
3 Chambres à vendre 112 m² à Californie,2000000,https://www.avito.ma/fr/californie/appartements/3_Chambres_%C3%A0_vendre_112_m%C2%B2_%C3%A0_Californie_56564980.htm
Appartement à vendre 90 m² Limoune à Ouled Teïma,585000,https://www.avito.ma/fr/ouled_te%C3%AFma/appartements/Appartement_%C3%A0_vendre_90_m%C2%B2_Limoune_%C3%A0_Ouled_Te%C3%AFma_56824722.htm
Appartement à vendre 78 m² à El Mansouria,940000,https://www.avito.ma/fr/el_mansouria/appartements/Appartement_%C3%A0_vendre_78_m%C2%B2_%C3%A0_El_Mansouria_57553786.htm
Appartement en vente 61m² à Gueliz Piscine Rooftop,1500000,https://www.avito.ma/fr/gu%C3%A9liz/appartements/Appartement_en_vente_61m%C2%B2_%C3%A0_Gueliz_Piscine_Rooftop_57656300.htm
vente appartement moyen standing oulfa,530000,https://www.avito.ma/fr/oulfa/appartements/vente_appartement_moyen_standing_oulfa_57659627.htm
Appartement à vendre 90 m² Limoune à Ouled Teïma,585000,https://www.avito.ma/fr/ouled_te%C3%AFma/appartements/Appartement_%C3%A0_vendre_90_m%C2%B2_Limoune_%C3%A0_Ouled_Te%C3%AFma_56824722.htm
2 Appartements moyen standing à vendre – Benguerir,520000,https://www.avito.ma/fr/ben_guerir/appartements/2_Appartements_moyen_standing_%C3%A0_vendre___Benguerir_56548870.htm
CMN-HA-1859 - Appartement à vendre à Beauséjour,1270000,https://www.avito.ma/fr/beaus%C3%A9jour/appartements/CMN_HA_1859___Appartement_%C3%A0_vendre_%C3%A0_Beaus%C3%A9jour_57245367.htm
Appartements à vendre à Meknès,670000,https://www.avito.ma/fr/autre_secteur/appartements/Appartements_%C3%A0_vendre_%C3%A0_Mekn%C3%A8s_57848348.htm
Studio à vendre à Hassan,95000000,https://www.avito.ma/fr/hassan/appartements/Studio_%C3%A0_vendre_%C3%A0_Hassan_57848336.htm
Offre d'appartement à vendre entre la route de Rabat et Kzennaya,8700,https://www.avito.ma/fr/autre_secteur/appartements/Offre_d_appartement_%C3%A0_vendre_entre_la_route_de_Rabat_et_Kzennaya_55980645.htm
Appt 3 ch salon à vendre à Val Fleuri,1800000,https://www.avito.ma/fr/val_fleuri/appartements/Appt_3_ch_salon_%C3%A0_vendre_%C3%A0_Val_Fleuri_56660584.htm
Appartement idéal avec un bon prix,360000,https://www.avito.ma/fr/hay_al_kamal/appartements/Appartement_id%C3%A9al_avec_un_bon_prix_57776043.htm
3 Chambres à vendre 143 m² à Californie,2255000,https://www.avito.ma/fr/californie/appartements/3_Chambres_%C3%A0_vendre_143_m%C2%B2_%C3%A0_Californie_56512306.htm
Appartement meublé 3 chambres à vendre Tanger,650000,https://www.avito.ma/fr/hay_hassani/appartements/Appartement_meubl%C3%A9_3_chambres_%C3%A0_vendre_Tanger_57304897.htm
CMN-AN-1875 - Appartement à vendre à Bourgogne,1500000,https://www.avito.ma/fr/bourgogne/appartements/CMN_AN_1875___Appartement_%C3%A0_vendre_%C3%A0_Bourgogne_57306326.htm
Appartement à vendre,700000,https://www.avito.ma/fr/cit%C3%A9_adrar/appartements/Appartement_%C3%A0_vendre_57848298.htm
Appartement 2 chambres corniche investisseurs airbnb,1100000,https://www.avito.ma/fr/malabata/appartements/Appartement_2_chambres_corniche_investisseurs_airbnb_57831155.htm
Appartement en vente 61m² à Gueliz Piscine Rooftop,1500000,https://www.avito.ma/fr/gu%C3%A9liz/appartements/Appartement_en_vente_61m%C2%B2_%C3%A0_Gueliz_Piscine_Rooftop_57656300.htm
CMN-MA-2478 - Appartement à vendre à Burger,2200000,https://www.avito.ma/fr/maarif/appartements/CMN_MA_2478___Appartement_%C3%A0_vendre_%C3%A0_Burger_57365012.htm
Appartement à vendre 60 m² à Marrakech,1200000,https://www.avito.ma/fr/gu%C3%A9liz/appartements/Appartement_%C3%A0_vendre_60_m%C2%B2_%C3%A0_Marrakech_57585644.htm
Appartement à vendre 118 m² Jardins d’Émeraude,1664800,https://www.avito.ma/fr/hay_salam/appartements/Appartement_%C3%A0_vendre_118_m%C2%B2_Jardins_d_%C3%89meraude_57129440.htm
Duplex kasba 115m bonne affaire,660000,https://www.avito.ma/fr/tamesna/appartements/Duplex_kasba_115m_bonne_affaire_53953464.htm
Appartement Rénové Sécurisé 1er Étage Ensoleillé Bd Roudani,4300,https://www.avito.ma/fr/maarif/appartements/Appartement_R%C3%A9nov%C3%A9_S%C3%A9curis%C3%A9_1er_%C3%89tage_Ensoleill%C3%A9_Bd_Roudani_57750130.htm
A vendre un appart de 4 chambres sans voisins,3400000,https://www.avito.ma/fr/quartier_des_h%C3%B4pitaux/appartements/A_vendre_un_appart_de_4_chambres_sans_voisins_57375208.htm
Appartement à vendre opportunité unique à Saïd Hajji – Salé,620000,https://www.avito.ma/fr/said_hajji/appartements/Appartement_%C3%A0_vendre_opportunit%C3%A9_unique_%C3%A0_Sa%C3%AFd_Hajji___Sal%C3%A9_57812395.htm
Appartement neuf à vendre 71 m² à Marrakech,460000,https://www.avito.ma/fr/m_hamid/appartements/Appartement_neuf_%C3%A0_vendre_71_m%C2%B2_%C3%A0_Marrakech_53696929.htm
Studio-Neuf/JamaisHabité/ 62M²/Tram Busway Ghandi,880000,https://www.avito.ma/fr/maarif/appartements/Studio_Neuf_JamaisHabit%C3%A9__62M%C2%B2_Tram_Busway_Ghandi_57189622.htm
Appartement à vendre 74 m² à Sidi maarouf,760000,https://www.avito.ma/fr/sidi_maarouf/appartements/Appartement_%C3%A0_vendre_74_m%C2%B2_%C3%A0_Sidi_maarouf_57677252.htm
Appartement à vendre 104 m² à Mohammedia,1590000,https://www.avito.ma/fr/quartier_du_parc/appartements/Appartement_%C3%A0_vendre_104_m%C2%B2_%C3%A0_Mohammedia_57711440.htm
Appartement d’exception à vendre au cœur d’Agdal,2300000,https://www.avito.ma/fr/agdal/appartements/Appartement_d_exception_%C3%A0_vendre_au_c_ur_d_Agdal_57779106.htm
Appartements à vendre 56 m² à Marrakech,560000,https://www.avito.ma/fr/mabrouka/appartements/Appartements_%C3%A0_vendre_56_m%C2%B2_%C3%A0_Marrakech_57418106.htm
"Superbe appartement à vendre dans le quartier Golf, route des Rmilat",960000,https://www.avito.ma/fr/du_golf/appartements/Superbe_appartement_%C3%A0_vendre_dans_le_quartier_Golf__route_des_Rmilat_57030107.htm
Vente appartement à semlalia,15000,https://www.avito.ma/fr/semlalia/appartements/Vente_appartement_%C3%A0_semlalia_57848263.htm
Spacieux appartement deux façades Belvédère,1100000,https://www.avito.ma/fr/belv%C3%A9d%C3%A8re/appartements/Spacieux_appartement_deux_fa%C3%A7ades_Belv%C3%A9d%C3%A8re_57130099.htm
Appartement 3 chambres à 2min de Casanearshore,780000,https://www.avito.ma/fr/sidi_maarouf/appartements/Appartement_3_chambres_%C3%A0_2min_de_Casanearshore_57828086.htm
Appartements de 80 à 96 m² à Tassila,1045000,https://www.avito.ma/fr/tassila/appartements/Appartements_de_80_%C3%A0_96_m%C2%B2_%C3%A0_Tassila_54250146.htm
Studio vue piscine à vendre 51 m² à Marrakech,1150000,https://www.avito.ma/fr/hivernage/appartements/Studio_vue_piscine_%C3%A0_vendre_51_m%C2%B2_%C3%A0_Marrakech_57774591.htm
Neuf Appartement à vendre 63 m² à Agadir,780000,https://www.avito.ma/fr/hay_mohammadi/appartements/Neuf_Appartement_%C3%A0_vendre_63_m%C2%B2_%C3%A0_Agadir_57604791.htm
Vente appartement à semlalia,15000,https://www.avito.ma/fr/semlalia/appartements/Vente_appartement_%C3%A0_semlalia_57848263.htm
Appart 114m2 de 3 ch salon à Rouidate,970000,https://www.avito.ma/fr/rouidat/appartements/Appart_114m2_de_3_ch_salon_%C3%A0_Rouidate_57312726.htm
Magnifique studio à vendre palmier,1200000,https://www.avito.ma/fr/palmier/appartements/Magnifique_studio_%C3%A0_vendre_palmier_56489196.htm
Appartement traversant avec vue mer–Dernier étage,2300000,https://www.avito.ma/fr/anfa/appartements/Appartement_traversant_avec_vue_mer_Dernier_%C3%A9tage_57401272.htm
À VENDRE APPARTEMENT SALON 3 CHAMBRES 70m2,735000,https://www.avito.ma/fr/autre_secteur/appartements/%C3%80_VENDRE_APPARTEMENT_SALON_3_CHAMBRES_70m2_57279776.htm
Appartement à vendre 136 m² à Casablanca,2500000,https://www.avito.ma/fr/val_fleuri/appartements/Appartement_%C3%A0_vendre_136_m%C2%B2_%C3%A0_Casablanca_57734809.htm
Excellents appartements à vendre,900000,https://www.avito.ma/fr/autre_secteur/appartements/Excellents_appartements_%C3%A0_vendre_56831884.htm
Appartement Excellente finition Très ensoleillé,600000,https://www.avito.ma/fr/sal%C3%A9/appartements/Appartement_Excellente_finition_Tr%C3%A8s_ensoleill%C3%A9_57749360.htm
Appartement à vendre,170000,https://www.avito.ma/fr/wislane/appartements/Appartement_%C3%A0_vendre_57848272.htm
Appartement à vendre à Marina Agadir,2700000,https://www.avito.ma/fr/secteur_touristique/appartements/Appartement_%C3%A0_vendre_%C3%A0_Marina_Agadir_57784145.htm
RACINE Superbe Appartement Rénové à Vendre 265m²,4850000,https://www.avito.ma/fr/racine/appartements/RACINE_Superbe_Appartement_R%C3%A9nov%C3%A9_%C3%A0_Vendre_265m%C2%B2_57696349.htm
Appartement à vendre 102 m² à Agadir,2750000,https://www.avito.ma/fr/founty/appartements/Appartement_%C3%A0_vendre_102_m%C2%B2_%C3%A0_Agadir_57094364.htm
Appartement 109 m² à Salé en cours de construction,1320000,https://www.avito.ma/fr/sala_el_jadida/appartements/Appartement_109_m%C2%B2_%C3%A0_Sal%C3%A9_en_cours_de_construction_57366961.htm
Studio meublé à vendre vue piscine,700000,https://www.avito.ma/fr/mimosas/appartements/Studio_meubl%C3%A9_%C3%A0_vendre_vue_piscine_57272115.htm
Excellent appartement à vendre meublé,380000,https://www.avito.ma/fr/route_ain_chkaf/appartements/Excellent_appartement_%C3%A0_vendre_meubl%C3%A9_57848260.htm
Appartement à vendre 118m² La Perle du Sahara Dakhla,885000,https://www.avito.ma/fr/dakhla/appartements/Appartement_%C3%A0_vendre_118m%C2%B2_La_Perle_du_Sahara_Dakhla_57556568.htm
Joli duplex 1 chambre meublé Neuf à vendre,1350000,https://www.avito.ma/fr/route_de_casablanca/appartements/Joli_duplex_1_chambre_meubl%C3%A9_Neuf_%C3%A0_vendre_56213151.htm
Appartement à prix raisonnable,620000,https://www.avito.ma/fr/ben_serguaou/appartements/Appartement_%C3%A0_prix_raisonnable_57736307.htm
Appartement 2 ch à vendre vue sur mer,2900000,https://www.avito.ma/fr/malabata/appartements/Appartement_2_ch_%C3%A0_vendre_vue_sur_mer_57080322.htm
Appartement vue piscine,1200000,https://www.avito.ma/fr/dar_bouazza/appartements/Appartement_vue_piscine_57663713.htm
Duplex à vendre 124 m² à Targa 11000 dhs m2,1364000,https://www.avito.ma/fr/targa/appartements/Duplex_%C3%A0_vendre_124_m%C2%B2_%C3%A0_Targa_11000_dhs_m2_57831838.htm
A vendre un bel appartement avec terrasse,2480000,https://www.avito.ma/fr/palmier/appartements/A_vendre_un_bel_appartement_avec_terrasse_57373926.htm
Appartement avec terrasse😍 à vendre à Hay Azdehar,860000,https://www.avito.ma/fr/hay_izdihar/appartements/Appartement_avec_terrasse___%C3%A0_vendre_%C3%A0_Hay_Azdehar_57574042.htm
Appart 93 m² à Salé en cours de construction,1095000,https://www.avito.ma/fr/sala_el_jadida/appartements/Appart_93_m%C2%B2_%C3%A0_Sal%C3%A9_en_cours_de_construction_57366771.htm
Appart 97 m² à Salé en cours de construction,1165000,https://www.avito.ma/fr/sala_el_jadida/appartements/Appart_97_m%C2%B2_%C3%A0_Sal%C3%A9_en_cours_de_construction_57366786.htm
😍 Appartement rénové avec belle vue,390000,https://www.avito.ma/fr/azzouzia/appartements/___Appartement_r%C3%A9nov%C3%A9_avec_belle_vue_57797690.htm
Apt Neuf 3 Chambres 1Salon roudani Maarif,1400000,https://www.avito.ma/fr/maarif/appartements/Apt_Neuf_3_Chambres_1Salon_roudani_Maarif_57343247.htm
Appartement à vendre au parc mohammedia,2499999,https://www.avito.ma/fr/centre_ville/appartements/Appartement_%C3%A0_vendre_au_parc_mohammedia_57079350.htm
Duplex RDC 47 m² en vente - piscine Rooftop,1708000,https://www.avito.ma/fr/av_abdelkrim_el_khattabi/appartements/Duplex_RDC_47_m%C2%B2_en_vente___piscine_Rooftop_57606328.htm
Appartement titré Trialas Atlas,1600000,https://www.avito.ma/fr/branes_1/appartements/Appartement_titr%C3%A9_Trialas_Atlas_57843036.htm
A vendre un joli appartement de 3 chambres,2450000,https://www.avito.ma/fr/racine/appartements/A_vendre_un_joli_appartement_de_3_chambres_57415416.htm
A vendre un appartement avec terrasse,3750000,https://www.avito.ma/fr/racine/appartements/A_vendre_un_appartement_avec_terrasse_57516868.htm
Studio de Luxe Meublé à vendre,1100000,https://www.avito.ma/fr/gu%C3%A9liz/appartements/Studio_de_Luxe_Meubl%C3%A9_%C3%A0_vendre_57542020.htm
Appartement neuf à vendre au Qu. des hôpitaux,1360000,https://www.avito.ma/fr/quartier_des_h%C3%B4pitaux/appartements/Appartement_neuf_%C3%A0_vendre_au_Qu__des_h%C3%B4pitaux_57742341.htm
Appartement titré Trialas Atlas,1600000,https://www.avito.ma/fr/branes_1/appartements/Appartement_titr%C3%A9_Trialas_Atlas_57843036.htm
Appartement à vendre 98 m² à Marrakech,1500000,https://www.avito.ma/fr/gu%C3%A9liz/appartements/Appartement_%C3%A0_vendre_98_m%C2%B2_%C3%A0_Marrakech_57736559.htm
A VENDRE APPARTEMENTS NEUFS AVEC TITRES FONCIERS,575000,https://www.avito.ma/fr/bir_rami/appartements/A_VENDRE_APPARTEMENTS_NEUFS_AVEC_TITRES_FONCIERS_57372793.htm
Appartement à vendre 149 m² à Casablanca,850000,https://www.avito.ma/fr/belv%C3%A9d%C3%A8re/appartements/Appartement_%C3%A0_vendre_149_m%C2%B2_%C3%A0_Casablanca_57832871.htm
Appart. 3 façades 78 m2 sidi Maarof à côté Worod,780000,https://www.avito.ma/fr/sidi_maarouf/appartements/Appart__3_fa%C3%A7ades_78_m2_sidi_Maarof_%C3%A0_c%C3%B4t%C3%A9_Worod_56306214.htm
TRIANGLE D’OR BEL APPT A VENDRE AVEC TERRASSE,3750000,https://www.avito.ma/fr/triangle_d_or/appartements/TRIANGLE_D_OR_BEL_APPT_A_VENDRE_AVEC_TERRASSE_55809049.htm
"Appartement équipé à vendre, prix négociable",140000000,https://www.avito.ma/fr/mesnana/appartements/Appartement_%C3%A9quip%C3%A9_%C3%A0_vendre__prix_n%C3%A9gociable_57848240.htm
Duplex à vendre avec piscine proche Guéliz,1050000,https://www.avito.ma/fr/mabrouka/appartements/Duplex_%C3%A0_vendre_avec_piscine_proche_Gu%C3%A9liz_57727756.htm
Habit immobilier met en vente un joli studio,1180000,https://www.avito.ma/fr/bourgogne/appartements/Habit_immobilier_met_en_vente_un_joli_studio_57406412.htm
Appartement en vente 65m² à Gueliz-Piscine Rooftop,1498000,https://www.avito.ma/fr/gu%C3%A9liz/appartements/Appartement_en_vente_65m%C2%B2_%C3%A0_Gueliz_Piscine_Rooftop_57658705.htm
Appartement 66 m² à Hay Nakhil Oujda,690000,https://www.avito.ma/fr/autre_secteur/appartements/Appartement_66_m%C2%B2_%C3%A0_Hay_Nakhil_Oujda_55904368.htm
Appartement Marina dor 136 mètre au boulevard,1120000,https://www.avito.ma/fr/tamesna/appartements/Appartement_Marina_dor_136_m%C3%A8tre_au_boulevard_57549397.htm
Studio Avec Terrasse À Vendre Sur La Rte De Casa,1200000,https://www.avito.ma/fr/route_de_casablanca/appartements/Studio_Avec_Terrasse_%C3%80_Vendre_Sur_La_Rte_De_Casa_57156329.htm
Magnifique penthouse à vendre ou à louer à Wifac,3150000,https://www.avito.ma/fr/wifak/appartements/Magnifique_penthouse_%C3%A0_vendre_ou_%C3%A0_louer_%C3%A0_Wifac_57321110.htm
Appartement à vendre 37 m² à Wifak Temara,480000,https://www.avito.ma/fr/wifak/appartements/Appartement_%C3%A0_vendre_37_m%C2%B2_%C3%A0_Wifak_Temara_57841684.htm
Nouveau Projet Au Centre Avec Piscine,710000,https://www.avito.ma/fr/route_de_casablanca/appartements/Nouveau_Projet_Au_Centre_Avec_Piscine_55850957.htm
Appart 118 m² Étage 3 Sidi Maarouf,1200000,https://www.avito.ma/fr/sidi_maarouf/appartements/Appart_118_m%C2%B2_%C3%89tage_3_Sidi_Maarouf_57742399.htm
MAÂRIF JOLI APPARTEMENT 109 m² À VENDRE,1050000,https://www.avito.ma/fr/maarif/appartements/MA%C3%82RIF_JOLI_APPARTEMENT_109_m%C2%B2_%C3%80_VENDRE_57654876.htm
Appartement à vendre 75 m² à Casablanca,650000,https://www.avito.ma/fr/ain_sebaa/appartements/Appartement_%C3%A0_vendre_75_m%C2%B2_%C3%A0_Casablanca_57634469.htm
Appartement à vendre 100 m² à Marrakech,1200000,https://www.avito.ma/fr/semlalia/appartements/Appartement_%C3%A0_vendre_100_m%C2%B2_%C3%A0_Marrakech_57604838.htm
Appartement à vendre 48m² à Gueliz - Piscine Rooftop,1077000,https://www.avito.ma/fr/gu%C3%A9liz/appartements/Appartement_%C3%A0_vendre_48m%C2%B2_%C3%A0_Gueliz___Piscine_Rooftop_57658624.htm
Appartement 126m² 4ème étg. terrasse à Maârif,1450000,https://www.avito.ma/fr/val_fleuri/appartements/Appartement_126m%C2%B2_4%C3%A8me_%C3%A9tg__terrasse_%C3%A0_Ma%C3%A2rif_56872194.htm
Vente appartement à samlalia,9300000,https://www.avito.ma/fr/semlalia/appartements/Vente_appartement_%C3%A0_samlalia_56822535.htm
Appartements de 101 à 190 m² Riad Garden I,2410000,https://www.avito.ma/fr/av_mohammed_vi/appartements/Appartements_de_101_%C3%A0_190_m%C2%B2_Riad_Garden_I_57803026.htm
Meilleur invest Studio Neuf 62M Tram Busway Ghandi,880000,https://www.avito.ma/fr/casablanca_finance_city/appartements/Meilleur_invest_Studio_Neuf_62M_Tram_Busway_Ghandi_57189382.htm
Appartement à vendre à Zemmouri,900000000,https://www.avito.ma/fr/zemmouri/appartements/Appartement_%C3%A0_vendre_%C3%A0_Zemmouri_57848201.htm
Appartement à Assilah,450000,https://www.avito.ma/fr/asilah/appartements/Appartement_%C3%A0_Assilah_51739569.htm
Appartement à vendre sur la route de Safi près de MacDo,740000,https://www.avito.ma/fr/route_de_safi/appartements/Appartement_%C3%A0_vendre_sur_la_route_de_Safi_pr%C3%A8s_de_MacDo_57742205.htm
Appartement neuf avec ascenseur et parking,440000,https://www.avito.ma/fr/sidi_othmane/appartements/Appartement_neuf_avec_ascenseur_et_parking_55310114.htm
Appartement en vent 51m² à Gueliz-Piscine Rooftop,1267000,https://www.avito.ma/fr/gu%C3%A9liz/appartements/Appartement_en_vent_51m%C2%B2_%C3%A0_Gueliz_Piscine_Rooftop_57658657.htm
Appartement Spacieux Avec Finitions Premium,3200000,https://www.avito.ma/fr/victor_hugo/appartements/Appartement_Spacieux_Avec_Finitions_Premium_57345068.htm
Cozy Studio Duplex Meublé À Vendre À Victor Hugo,1200000,https://www.avito.ma/fr/victor_hugo/appartements/Cozy_Studio_Duplex_Meubl%C3%A9_%C3%80_Vendre_%C3%80_Victor_Hugo_57739902.htm
Appartement à vendre 61 m² à Marrakech,1530000,https://www.avito.ma/fr/gu%C3%A9liz/appartements/Appartement_%C3%A0_vendre_61_m%C2%B2_%C3%A0_Marrakech_57656693.htm
Appartements de 80 à 96 m² à Tassila,1045000,https://www.avito.ma/fr/tassila/appartements/Appartements_de_80_%C3%A0_96_m%C2%B2_%C3%A0_Tassila_54250146.htm
Appartement à vendre 134 m² à Casablanca,3000000,https://www.avito.ma/fr/racine/appartements/Appartement_%C3%A0_vendre_134_m%C2%B2_%C3%A0_Casablanca_57789942.htm
Appartement à vendre près des universités 47 m2,295000,https://www.avito.ma/fr/al_irfane_2/appartements/Appartement_%C3%A0_vendre_pr%C3%A8s_des_universit%C3%A9s_47_m2_57310789.htm
Studio Neuf 53m2 Balcon Clim Riviera,1060000,https://www.avito.ma/fr/riviera/appartements/Studio_Neuf_53m2_Balcon_Clim_Riviera_55740690.htm
Appartement à vendre Résidence noria 2 chambres,2300000,https://www.avito.ma/fr/autre_secteur/appartements/Appartement_%C3%A0_vendre_R%C3%A9sidence_noria_2_chambres_57372719.htm
Projet Prestigieux avec piscine Route de Casa,669000,https://www.avito.ma/fr/gu%C3%A9liz/appartements/Projet_Prestigieux_avec_piscine_Route_de_Casa_54457734.htm
Appartement à vendre 117 m² à Marrakech,1800000,https://www.avito.ma/fr/gu%C3%A9liz/appartements/Appartement_%C3%A0_vendre_117_m%C2%B2_%C3%A0_Marrakech_57756948.htm
Appartement meublé à vendre à Mohammedia,840000,https://www.avito.ma/fr/autre_secteur/appartements/Appartement_meubl%C3%A9_%C3%A0_vendre_%C3%A0_Mohammedia_57593402.htm
Appartement à vendre à Temara,1200000,https://www.avito.ma/fr/autre_secteur/appartements/Appartement_%C3%A0_vendre_%C3%A0_Temara_57812272.htm
appartement meublé à vendre,1100000,https://www.avito.ma/fr/mimosas/appartements/appartement_meubl%C3%A9_%C3%A0_vendre_57763197.htm
Appartement à vendre 62 m² à Mehdia,62,https://www.avito.ma/fr/mehdia/appartements/Appartement_%C3%A0_vendre_62_m%C2%B2_%C3%A0_Mehdia_57848130.htm
Appartement à vendre à Temara,960000,https://www.avito.ma/fr/autre_secteur/appartements/Appartement_%C3%A0_vendre_%C3%A0_Temara_45494983.htm
LA PERLA BLANCA -E-8 25/56952,1150000,https://www.avito.ma/fr/autre_secteur/appartements/LA_PERLA_BLANCA__E_8_25_56952_57813601.htm
Appartement à vendre 60 m² à Marrakech,1320000,https://www.avito.ma/fr/gu%C3%A9liz/appartements/Appartement_%C3%A0_vendre_60_m%C2%B2_%C3%A0_Marrakech_57658682.htm
Appartement à vendre 64 m² à Casablanca,680000,https://www.avito.ma/fr/a%C3%AFn_chock/appartements/Appartement_%C3%A0_vendre_64_m%C2%B2_%C3%A0_Casablanca_57848079.htm
Appartement à vendre,570000,https://www.avito.ma/fr/hay_al_falah/appartements/Appartement_%C3%A0_vendre_57796998.htm
Luxueux studio en vente a Gueliz pour AIRBNB,1526500,https://www.avito.ma/fr/av_abdelkrim_el_khattabi/appartements/Luxueux_studio_en_vente_a_Gueliz_pour_AIRBNB_57606267.htm
CMN-SI-1877 - Appartement à vendre à Bourgogne Est,1050000,https://www.avito.ma/fr/bourgogne/appartements/CMN_SI_1877___Appartement_%C3%A0_vendre_%C3%A0_Bourgogne_Est_57328148.htm
🏠 L’EXCEPTION URBAINE Duplex 66 m² à Guéliz,1518000,https://www.avito.ma/fr/gu%C3%A9liz/appartements/___L_EXCEPTION_URBAINE_Duplex_66_m%C2%B2_%C3%A0_Gu%C3%A9liz_57674996.htm
Duplex moderne à vendre – 2 chambres Victor Hugo,1600000,https://www.avito.ma/fr/victor_hugo/appartements/Duplex_moderne_%C3%A0_vendre___2_chambres__Victor_Hugo_57447780.htm
Appartement rénové à vendre,1450000,https://www.avito.ma/fr/diour_jamaa/appartements/Appartement_r%C3%A9nov%C3%A9_%C3%A0_vendre_57848048.htm
Appartement à vendre 78 m² à Marrakech,1800000,https://www.avito.ma/fr/agdal/appartements/Appartement_%C3%A0_vendre_78_m%C2%B2_%C3%A0_Marrakech_56438709.htm
Appart lux 188m2 de 3ch 3sb à Gueliz,3100000,https://www.avito.ma/fr/gu%C3%A9liz/appartements/Appart_lux_188m2_de_3ch_3sb_%C3%A0_Gueliz_56902202.htm
Appartements à vendre,3000000,https://www.avito.ma/fr/haut_founty/appartements/Appartements_%C3%A0_vendre_57157671.htm
Appartement à vendre 40 m² à Wifaq,490000,https://www.avito.ma/fr/wifak/appartements/Appartement_%C3%A0_vendre_40_m%C2%B2_%C3%A0_Wifaq_57803067.htm
Appartement à vendre 69 m² à Casablanca,440000,https://www.avito.ma/fr/a%C3%AFn_borja/appartements/Appartement_%C3%A0_vendre_69_m%C2%B2_%C3%A0_Casablanca_38635452.htm
Appartement à vendre 60 m² centre ville souk mlilia,330000,https://www.avito.ma/fr/centre_ville/appartements/Appartement_%C3%A0_vendre_60_m%C2%B2_centre_ville_souk_mlilia_56130464.htm
Appart 78m2 avec terrasse en haut près Atacadao,750000,https://www.avito.ma/fr/route_de_f%C3%A8s/appartements/Appart_78m2_avec_terrasse_en_haut_pr%C3%A8s_Atacadao_57427077.htm
Appart 101m² piscine près Semlalia Majorel Gueliz,2200000,https://www.avito.ma/fr/semlalia/appartements/Appart_101m%C2%B2_piscine_pr%C3%A8s_Semlalia_Majorel_Gueliz_57780457.htm
CMN-MA-2470 - Appartement à vendre à Les Hôpitaux,1450000,https://www.avito.ma/fr/quartier_des_h%C3%B4pitaux/appartements/CMN_MA_2470___Appartement_%C3%A0_vendre_%C3%A0_Les_H%C3%B4pitaux_57340348.htm
Appartement à vendre 102 m² à Agadir,2750000,https://www.avito.ma/fr/founty/appartements/Appartement_%C3%A0_vendre_102_m%C2%B2_%C3%A0_Agadir_57094364.htm
"Appartement ""Soumi Vini"" dans un quartier chic près de la mosquée et sans intérêt",380000,https://www.avito.ma/fr/autre_secteur/appartements/Appartement__Soumi_Vini__dans_un_quartier_chic_pr%C3%A8s_de_la_mosqu%C3%A9e_et_sans_int%C3%A9r%C3%AAt_57737989.htm
Duplex familial - 269 m² - Ville verte,4000000,https://www.avito.ma/fr/ville_verte/appartements/Duplex_familial___269_m%C2%B2___Ville_verte_57176187.htm
Appartement à vendre 60 m² centre ville souk mlilia,330000,https://www.avito.ma/fr/centre_ville/appartements/Appartement_%C3%A0_vendre_60_m%C2%B2_centre_ville_souk_mlilia_56130464.htm
Des appartements à vendre,420000,https://www.avito.ma/fr/autre_secteur/appartements/Des_appartements_%C3%A0_vendre_53850953.htm
"Appartement rénové proche gare, plage et zoo",600000,https://www.avito.ma/fr/ain_sebaa/appartements/Appartement_r%C3%A9nov%C3%A9_proche_gare__plage_et_zoo_57778622.htm
appartements à vendre,1600000,https://www.avito.ma/fr/hay_mohammadi/appartements/appartements_%C3%A0_vendre_56940744.htm
Appartements à vendre,1157000,https://www.avito.ma/fr/tilila/appartements/Appartements_%C3%A0_vendre_57740727.htm
Studio à vendre,1083000,https://www.avito.ma/fr/haut_founty/appartements/Studio_%C3%A0_vendre_57803904.htm
Appartements à vendre,1400000,https://www.avito.ma/fr/haut_founty/appartements/Appartements_%C3%A0_vendre_57803975.htm
Appartement équipé centre ville Gueliz WiFi,400,https://www.avito.ma/fr/gu%C3%A9liz/appartements/Appartement_%C3%A9quip%C3%A9_centre_ville_Gueliz_WiFi_57848038.htm
Appartement 150 m2 Haut Standing Quartier Hôpitaux,1600000,https://www.avito.ma/fr/californie/appartements/Appartement_150_m2_Haut_Standing_Quartier_H%C3%B4pitaux_56257640.htm
VENTE DIRECTE SUPERBES APPARTEMENTS,860000,https://www.avito.ma/fr/hay_hassani/appartements/VENTE_DIRECTE_SUPERBES_APPARTEMENTS_57279893.htm
appartement à vendre,1200000,https://www.avito.ma/fr/aida/appartements/appartement_%C3%A0_vendre_57758453.htm
Appartement à vendre rue Royal Army,1500000,https://www.avito.ma/fr/centre_ville/appartements/Appartement_%C3%A0_vendre_rue_Royal_Army_55897749.htm
Appartement meublé à vendre azzouzia bon état,550000,https://www.avito.ma/fr/azzouzia/appartements/Appartement_meubl%C3%A9_%C3%A0_vendre_azzouzia_bon_%C3%A9tat_57530728.htm
Studio à vendre avec piscine,580000,https://www.avito.ma/fr/palmeraie/appartements/Studio_%C3%A0_vendre_avec_piscine_57468855.htm
Résidence Galia Boulevard Hassan II Mohammedia,1700000,https://www.avito.ma/fr/centre_ville/appartements/R%C3%A9sidence_Galia_Boulevard_Hassan_II_Mohammedia_55973170.htm
Bel appartement à Harhoura,1680000,https://www.avito.ma/fr/harhoura/appartements/Bel_appartement_%C3%A0_Harhoura_57848031.htm
Appartements à vendre,2800000,https://www.avito.ma/fr/haut_founty/appartements/Appartements_%C3%A0_vendre_57804087.htm
Appartement à vendre 104m² Amanar à Agadir,1456000,https://www.avito.ma/fr/centre_ville/appartements/Appartement_%C3%A0_vendre_104m%C2%B2_Amanar_%C3%A0_Agadir_56449553.htm
Appartements à vendre,870000,https://www.avito.ma/fr/hay_mohammadi/appartements/Appartements_%C3%A0_vendre_56596790.htm
Appartement haut standing 138 m2 Al Maz,1650000,https://www.avito.ma/fr/almaz/appartements/Appartement_haut_standing_138_m2_Al_Maz_57600486.htm
Grand Appartement Mhamid Avenue Nakhil,820000,https://www.avito.ma/fr/m_hamid/appartements/Grand_Appartement_Mhamid_Avenue_Nakhil_57161563.htm
Appartements à vendre,980000,https://www.avito.ma/fr/hay_mohammadi/appartements/Appartements_%C3%A0_vendre_56596742.htm
Appart.H.ST 87m2 Hay.chrifa près Bd qods,1000000,https://www.avito.ma/fr/hay_chrifa/appartements/Appart_H_ST_87m2_Hay_chrifa_pr%C3%A8s_Bd_qods_56164330.htm
Appartement à vendre,650000,https://www.avito.ma/fr/tilila/appartements/Appartement_%C3%A0_vendre_54361310.htm
Appartement vue mer Anza Miftah Sahil meublé,1200000,https://www.avito.ma/fr/anza/appartements/Appartement_vue_mer_Anza_Miftah_Sahil_meubl%C3%A9_57729148.htm
Appartement avec jacuzzi à vendre à Prestigia,2300000,https://www.avito.ma/fr/autre_secteur/appartements/Appartement_avec_jacuzzi_%C3%A0_vendre_%C3%A0_Prestigia_57660982.htm
Appartement à vendre 155m² à Agdal,3400000,https://www.avito.ma/fr/agdal/appartements/Appartement_%C3%A0_vendre_155m%C2%B2_%C3%A0_Agdal_50898518.htm
Appartement à vendre 73m² La Perle Bleue à Dakhla,581625,https://www.avito.ma/fr/dakhla/appartements/Appartement_%C3%A0_vendre_73m%C2%B2_La_Perle_Bleue_%C3%A0_Dakhla_56420853.htm
Appartement à vendre 123 m² à Casablanca,1780000,https://www.avito.ma/fr/abdelmoumen/appartements/Appartement_%C3%A0_vendre_123_m%C2%B2_%C3%A0_Casablanca_55242385.htm
Appartements à vendre,1220000,https://www.avito.ma/fr/hay_mohammadi/appartements/Appartements_%C3%A0_vendre_57272868.htm
CMN-SI-1879 - Appartement à vendre à Ziraoui,3480000,https://www.avito.ma/fr/bourgogne/appartements/CMN_SI_1879___Appartement_%C3%A0_vendre_%C3%A0_Ziraoui_57331613.htm
"Appartement à vendre au quatrième étage, excellent emplacement",395000,https://www.avito.ma/fr/autre_secteur/appartements/Appartement_%C3%A0_vendre_au_quatri%C3%A8me_%C3%A9tage__excellent_emplacement_57210053.htm
"Appartement enregistré à vendre à Tetouan, quartier Al Hamama",630000,https://www.avito.ma/fr/centre_ville/appartements/Appartement_enregistr%C3%A9_%C3%A0_vendre_%C3%A0_Tetouan__quartier_Al_Hamama_57847991.htm
Joli Duplex à vendre de 82 m² à Marrakech,1476000,https://www.avito.ma/fr/gu%C3%A9liz/appartements/Joli_Duplex_%C3%A0_vendre_de_82_m%C2%B2_%C3%A0_Marrakech_57765962.htm
Superbe Appartement à vendre 75 m² à Marrakech,1050000,https://www.avito.ma/fr/hay_izdihar/appartements/Superbe_Appartement_%C3%A0_vendre_75_m%C2%B2_%C3%A0_Marrakech_57790073.htm
Appartement à vendre près du complexe Hassani,9500000,https://www.avito.ma/fr/tanja_balia/appartements/Appartement_%C3%A0_vendre_pr%C3%A8s_du_complexe_Hassani_57805699.htm
"Appartement enregistré à vendre à Tetouan, quartier Al Hamama",630000,https://www.avito.ma/fr/centre_ville/appartements/Appartement_enregistr%C3%A9_%C3%A0_vendre_%C3%A0_Tetouan__quartier_Al_Hamama_57847991.htm
Appartement à vendre105m²Les Jardins de la Coupole,1369592,https://www.avito.ma/fr/av_mokawama/appartements/Appartement_%C3%A0_vendre105m%C2%B2Les_Jardins_de_la_Coupole_56420860.htm
Appartement à vendre 165 m² à Casablanca,3500000,https://www.avito.ma/fr/racine/appartements/Appartement_%C3%A0_vendre_165_m%C2%B2_%C3%A0_Casablanca_57627551.htm
Appartement à vendre 95 m² à Marrakech,1350000,https://www.avito.ma/fr/route_de_safi/appartements/Appartement_%C3%A0_vendre_95_m%C2%B2_%C3%A0_Marrakech_57746811.htm
Appartement Massira 1 Ahbass 4ème étage,780000,https://www.avito.ma/fr/massira_1/appartements/Appartement_Massira_1_Ahbass_4%C3%A8me_%C3%A9tage_57648339.htm
Appartement Ensoleillé à vendre 50 m² à Tamensourt,295000,https://www.avito.ma/fr/tamensourt/appartements/Appartement_Ensoleill%C3%A9_%C3%A0_vendre_50_m%C2%B2_%C3%A0_Tamensourt_57744621.htm
Appartement à vendre 95 m² à Marrakech palmeraie,1500000,https://www.avito.ma/fr/palmeraie/appartements/Appartement_%C3%A0_vendre_95_m%C2%B2_%C3%A0_Marrakech_palmeraie_57216492.htm
Appartement 140m² à Vendre -Quartier Administratif,1700000,https://www.avito.ma/fr/administratif/appartements/Appartement_140m%C2%B2_%C3%A0_Vendre__Quartier_Administratif_57569778.htm
CMN-MA-1866 - Appartement à vendre à Les princesses,1330000,https://www.avito.ma/fr/les_princesses/appartements/CMN_MA_1866___Appartement_%C3%A0_vendre_%C3%A0_Les_princesses_55872150.htm
Appartement de 110 m² à vendre à Castilla – Tanger,1150000,https://www.avito.ma/fr/castilla/appartements/Appartement_de_110_m%C2%B2_%C3%A0_vendre_%C3%A0_Castilla___Tanger_57671885.htm
Appartement à vendre 136 m² à Marrakech,1500000,https://www.avito.ma/fr/victor_hugo/appartements/Appartement_%C3%A0_vendre_136_m%C2%B2_%C3%A0_Marrakech_57568134.htm
Appartement 3 chambres à Oued Aliane - 2 façades,900000,https://www.avito.ma/fr/ksar_es_seghir/appartements/Appartement_3_chambres_%C3%A0_Oued_Aliane___2_fa%C3%A7ades_57545962.htm
Superbe studio 56 m² à saisir à Marrakech,1064000,https://www.avito.ma/fr/gu%C3%A9liz/appartements/Superbe_studio_56_m%C2%B2_%C3%A0_saisir_%C3%A0_Marrakech_57765868.htm
"Qui la veut, bienvenue, prix fixe",140000,https://www.avito.ma/fr/dakhla/appartements/Qui_la_veut__bienvenue__prix_fixe_57847889.htm
Appartement à vendre 76 m² à Marrakech,1500000,https://www.avito.ma/fr/victor_hugo/appartements/Appartement_%C3%A0_vendre_76_m%C2%B2_%C3%A0_Marrakech_57647629.htm
Appartement neuf et moderne sur la corniche,1700000,https://www.avito.ma/fr/malabata/appartements/Appartement_neuf_et_moderne_sur_la_corniche_57703995.htm
"Appartement 80 m², 3 chambres, ascenseur, syndic, à 5 minutes de Malabata",750000,https://www.avito.ma/fr/tanja_balia/appartements/Appartement_80_m%C2%B2__3_chambres__ascenseur__syndic__%C3%A0_5_minutes_de_Malabata_57847870.htm
"Appartement meublé 76 m2, ascenseur, syndic, sur rue",798000,https://www.avito.ma/fr/tanja_balia/appartements/Appartement_meubl%C3%A9_76_m2__ascenseur__syndic__sur_rue_57847871.htm
Appartement à vendre 111 m² à Tanger,1800000,https://www.avito.ma/fr/tanja_balia/appartements/Appartement_%C3%A0_vendre_111_m%C2%B2_%C3%A0_Tanger_57847874.htm
"Appartement 3 pièces, ascenseur, syndic, 5 minutes de Malabata, 80 m²",750000,https://www.avito.ma/fr/tanja_balia/appartements/Appartement_3_pi%C3%A8ces__ascenseur__syndic__5_minutes_de_Malabata__80_m%C2%B2_57847875.htm
Appartement à vendre 97 m² à Fès,850000,https://www.avito.ma/fr/agdal/appartements/Appartement_%C3%A0_vendre_97_m%C2%B2_%C3%A0_F%C3%A8s_57847867.htm
Appartement excellent 64 mètres avec soutien financier,520000,https://www.avito.ma/fr/autre_secteur/appartements/Appartement_excellent_64_m%C3%A8tres_avec_soutien_financier_56250121.htm
Spacieux Appartement 2 Chambres à la Vente Guéliz,2350000,https://www.avito.ma/fr/gu%C3%A9liz/appartements/Spacieux_Appartement_2_Chambres_%C3%A0_la_Vente_Gu%C3%A9liz_57648625.htm
Appartement 125m 3 chambres 3 façades quartier Salam Fès,370000,https://www.avito.ma/fr/autre_secteur/appartements/Appartement_125m_3_chambres_3_fa%C3%A7ades_quartier_Salam_F%C3%A8s_57847858.htm
Appartement à vendre 126 m² à ain ktiouit Tanger,2100000,https://www.avito.ma/fr/iberie/appartements/Appartement_%C3%A0_vendre_126_m%C2%B2_%C3%A0_ain_ktiouit_Tanger_56898210.htm
Appartement à vendre à Farh Salam,280000,https://www.avito.ma/fr/oulfa/appartements/Appartement_%C3%A0_vendre_%C3%A0_Farh_Salam_57847848.htm
CMN-AC-2017 - Appartement à vendre à Californie,1690000,https://www.avito.ma/fr/californie/appartements/CMN_AC_2017___Appartement_%C3%A0_vendre_%C3%A0_Californie_57245074.htm
Bel appartement en vente bd 2 mars,1930000,https://www.avito.ma/fr/2_mars/appartements/Bel_appartement_en_vente_bd_2_mars_55936018.htm
Duplex vue piscine et mer Taghazout Bay Taourt,3800000,https://www.avito.ma/fr/tamraght/appartements/Duplex_vue_piscine_et_mer_Taghazout_Bay_Taourt_57541355.htm
A vendre appartement de 78 m2 avec balcon,800000,https://www.avito.ma/fr/av_abdelkrim_el_khattabi/appartements/A_vendre_appartement_de_78_m2_avec_balcon_57832461.htm
Studio de 59m² à vendre à Ain Sebaa,620000,https://www.avito.ma/fr/ain_sebaa/appartements/Studio_de_59m%C2%B2_%C3%A0_vendre_%C3%A0_Ain_Sebaa_56512484.htm
Appartement à vendre 110 m² à Mohammedia,1656000,https://www.avito.ma/fr/centre_ville/appartements/Appartement_%C3%A0_vendre_110_m%C2%B2_%C3%A0_Mohammedia_55747589.htm
Appartement à vendre 100 m² à Essaouira,1300000,https://www.avito.ma/fr/essaouira/appartements/Appartement_%C3%A0_vendre_100_m%C2%B2_%C3%A0_Essaouira_57768262.htm
Appartement 100 m² Les Collines Sidi Maarouf,1180000,https://www.avito.ma/fr/sidi_maarouf/appartements/Appartement_100_m%C2%B2_Les_Collines_Sidi_Maarouf_57755840.htm
Appartement à vendre 130 m² à plage des nations,1850000,https://www.avito.ma/fr/sidi_bouknadel/appartements/Appartement_%C3%A0_vendre_130_m%C2%B2_%C3%A0_plage_des_nations_56055121.htm
Appartement à vendre 129 m² à Casablanca,1700000,https://www.avito.ma/fr/almaz/appartements/Appartement_%C3%A0_vendre_129_m%C2%B2_%C3%A0_Casablanca_57503328.htm
Appartement neuf enregistré conservé Médina Errahma,570000,https://www.avito.ma/fr/errahma/appartements/Appartement_neuf_enregistr%C3%A9_conserv%C3%A9_M%C3%A9dina_Errahma_50961295.htm
BEN-MA-1118 - Appartement à vendre à Mansouria-B...,1200000,https://www.avito.ma/fr/autre_secteur/appartements/BEN_MA_1118___Appartement_%C3%A0_vendre_%C3%A0_Mansouria_B____57276565.htm
CMN-SI-1881 - Appartement à vendre à Bourgogne Est,1800000,https://www.avito.ma/fr/bourgogne/appartements/CMN_SI_1881___Appartement_%C3%A0_vendre_%C3%A0_Bourgogne_Est_57341638.htm
Vente appartement 50m Haut Agdal,1550000,https://www.avito.ma/fr/agdal/appartements/Vente_appartement_50m_Haut_Agdal_57842666.htm
Appartement à vendre 52 m² à Casablanca,420000,https://www.avito.ma/fr/ain_sebaa/appartements/Appartement_%C3%A0_vendre_52_m%C2%B2_%C3%A0_Casablanca_56849909.htm
CMN-HA-1848 - Appartement à vendre à Lissasfa,930000,https://www.avito.ma/fr/lissasfa/appartements/CMN_HA_1848___Appartement_%C3%A0_vendre_%C3%A0_Lissasfa_57291337.htm
Appartement à vendre Azzouzia,400000,https://www.avito.ma/fr/azzouzia/appartements/Appartement_%C3%A0_vendre_Azzouzia_57847815.htm
Appartement de luxe à vendre à Marina golf Asilah,1800000,https://www.avito.ma/fr/asilah/appartements/Appartement_de_luxe_%C3%A0_vendre_%C3%A0_Marina_golf_Asilah_57837614.htm
beau duplex en vente ain borja,850000,https://www.avito.ma/fr/a%C3%AFn_chock/appartements/beau_duplex_en_vente_ain_borja_57467935.htm
Appartement Mers Sultan 139 m² à Casablanca,1750000,https://www.avito.ma/fr/mers_sultan/appartements/Appartement_Mers_Sultan_139_m%C2%B2_%C3%A0_Casablanca_56434189.htm
Bel appartement en vente al fida,660000,https://www.avito.ma/fr/al_fida/appartements/Bel_appartement_en_vente_al_fida_55715816.htm
Grand appartement à vendre à Hay Riad,4700000,https://www.avito.ma/fr/hay_riad/appartements/Grand_appartement_%C3%A0_vendre_%C3%A0_Hay_Riad_57773567.htm
Appartement à vendre 68 m² au maarif,1280000,https://www.avito.ma/fr/maarif/appartements/Appartement_%C3%A0_vendre_68_m%C2%B2_au_maarif_56499615.htm
bel appartement en vente ain borja,693500,https://www.avito.ma/fr/a%C3%AFn_borja/appartements/bel_appartement_en_vente_ain_borja_53581921.htm
Appartement à vendre 59 m² à Ain Sebaa,708000,https://www.avito.ma/fr/ain_sebaa/appartements/Appartement_%C3%A0_vendre_59_m%C2%B2_%C3%A0_Ain_Sebaa_57634725.htm
Appartement à vendre 90 m² centre ville Fès,450000,https://www.avito.ma/fr/centre/appartements/Appartement_%C3%A0_vendre_90_m%C2%B2_centre_ville_F%C3%A8s_56433490.htm
Bel appartement vente quartier des hôpitaux,1200000,https://www.avito.ma/fr/quartier_des_h%C3%B4pitaux/appartements/Bel_appartement_vente_quartier_des_h%C3%B4pitaux_48561359.htm
Bel appartement vente belvedere,970000,https://www.avito.ma/fr/belv%C3%A9d%C3%A8re/appartements/Bel_appartement_vente_belvedere_51013634.htm
Appartement à vendre 61 m² à Casablanca,440000,https://www.avito.ma/fr/sbata/appartements/Appartement_%C3%A0_vendre_61_m%C2%B2_%C3%A0_Casablanca_57847798.htm
Grand bel appartement en vente Casablanca,1690000,https://www.avito.ma/fr/centre_ville/appartements/Grand_bel_appartement_en_vente_Casablanca_56540709.htm
Bel appartement de 73m² à Ain Sebaa,817600,https://www.avito.ma/fr/oulfa/appartements/Bel_appartement_de_73m%C2%B2_%C3%A0_Ain_Sebaa_54211100.htm
CMN-AC-1971 - Appartement à vendre à Sidi Maarouf,770000,https://www.avito.ma/fr/sidi_maarouf/appartements/CMN_AC_1971___Appartement_%C3%A0_vendre_%C3%A0_Sidi_Maarouf_57245006.htm
Appartement 110 m² à Casablanca,530000,https://www.avito.ma/fr/sidi_bernoussi/appartements/Appartement_110_m%C2%B2_%C3%A0_Casablanca_54645618.htm
Appartement à vendre de 78 m2 avec balcon,800000,https://www.avito.ma/fr/allal_el_fassi/appartements/Appartement_%C3%A0_vendre_de_78_m2_avec_balcon_57832555.htm
CMN-MA-2404 - Appartement à vendre à Les princesses,2400000,https://www.avito.ma/fr/les_princesses/appartements/CMN_MA_2404___Appartement_%C3%A0_vendre_%C3%A0_Les_princesses_57234386.htm
Appartement à vendre à 3 mn de Sidi Bouzid,440000,https://www.avito.ma/fr/najmat_al_janoub/appartements/Appartement_%C3%A0_vendre_%C3%A0_3_mn_de_Sidi_Bouzid_57847784.htm
Appartement Diyar 7 sur bd la résistance,1100000,https://www.avito.ma/fr/la_gironde/appartements/Appartement_Diyar_7_sur_bd_la_r%C3%A9sistance_57847771.htm
CMN-HA-1920 - Appartement à vendre à Oulfa,1092000,https://www.avito.ma/fr/oulfa/appartements/CMN_HA_1920___Appartement_%C3%A0_vendre_%C3%A0_Oulfa_57324742.htm
"Appartement 74 m², garage, ascenseur, balcon, aide de l'État",740000,https://www.avito.ma/fr/marjane/appartements/Appartement_74_m%C2%B2__garage__ascenseur__balcon__aide_de_l_%C3%89tat_57847763.htm
Appartement 4 pièces 120 mètres garage ascenseur balcon sur rue,1200000,https://www.avito.ma/fr/marjane/appartements/Appartement_4_pi%C3%A8ces_120_m%C3%A8tres_garage_ascenseur_balcon_sur_rue_57847759.htm
bel appartement en vente 3 chambres 1 salon,950000,https://www.avito.ma/fr/a%C3%AFn_borja/appartements/bel_appartement_en_vente_3_chambres_1_salon_49517461.htm
Appartement 3 chambres ascenseur garage balcon aide de l'état sur la rue,876000,https://www.avito.ma/fr/marjane/appartements/Appartement_3_chambres_ascenseur_garage_balcon_aide_de_l_%C3%A9tat_sur_la_rue_57847754.htm
Appartement à Atlas golf Resort à Marrakech,2100000,https://www.avito.ma/fr/annakhil/appartements/Appartement_%C3%A0_Atlas_golf_Resort_%C3%A0_Marrakech_57615030.htm
Appartement à vendre à Cabo Negro,1400000,https://www.avito.ma/fr/cabo_negro/appartements/Appartement_%C3%A0_vendre_%C3%A0_Cabo_Negro_57745510.htm
Appartement neuf à vendre 72m² aux princesses,1600000,https://www.avito.ma/fr/les_princesses/appartements/Appartement_neuf_%C3%A0_vendre_72m%C2%B2_aux_princesses_57290444.htm
Appartement 3 chambres ascenseur garage balcon aide de l'état sur la rue,876000,https://www.avito.ma/fr/marjane/appartements/Appartement_3_chambres_ascenseur_garage_balcon_aide_de_l_%C3%A9tat_sur_la_rue_57847754.htm
Grand appartement en vente à Ain Borja,1600000,https://www.avito.ma/fr/a%C3%AFn_borja/appartements/Grand_appartement_en_vente_%C3%A0_Ain_Borja_57043473.htm
Appartement à vendre Tabriquet Salé,820000,https://www.avito.ma/fr/tabriquet/appartements/Appartement_%C3%A0_vendre_Tabriquet_Sal%C3%A9_57847750.htm
"Appartement 56 m², ascenseur, syndic, 5 minutes de Malabata",550000,https://www.avito.ma/fr/tanja_balia/appartements/Appartement_56_m%C2%B2__ascenseur__syndic__5_minutes_de_Malabata_57847748.htm
CMN-MA-1139 - Appartement à vendre à Val Fleurie,1800000,https://www.avito.ma/fr/val_fleuri/appartements/CMN_MA_1139___Appartement_%C3%A0_vendre_%C3%A0_Val_Fleurie_57319442.htm
Bel appartement à vendre près du quartier Al Qods Bernoussi,670000,https://www.avito.ma/fr/sidi_bernoussi/appartements/Bel_appartement_%C3%A0_vendre_pr%C3%A8s_du_quartier_Al_Qods_Bernoussi_57001375.htm
Grand appartement en vente Ain Borja,970000,https://www.avito.ma/fr/a%C3%AFn_borja/appartements/Grand_appartement_en_vente_Ain_Borja_57439726.htm
Beau studio en vente bd Anfa,1200000,https://www.avito.ma/fr/anfa/appartements/Beau_studio_en_vente_bd_Anfa_57367130.htm
"Appartement meublé 76 m2, ascenseur, syndic, sur rue",798000,https://www.avito.ma/fr/tanja_balia/appartements/Appartement_meubl%C3%A9_76_m2__ascenseur__syndic__sur_rue_57847739.htm
"Appartement 4 pièces 102 m², ascenseur, syndic, balcon sur rue",1070000,https://www.avito.ma/fr/tanja_balia/appartements/Appartement_4_pi%C3%A8ces_102_m%C2%B2__ascenseur__syndic__balcon_sur_rue_57847735.htm
RBA-YA-1053 - Appartement à vendre à Hay El Menzah,2100000,https://www.avito.ma/fr/autre_secteur/appartements/RBA_YA_1053___Appartement_%C3%A0_vendre_%C3%A0_Hay_El_Menzah_56835389.htm
"Appartement avec terrasse 118 m, ascenseur, syndic, 3 minutes de la gare",800000,https://www.avito.ma/fr/tanja_balia/appartements/Appartement_avec_terrasse_118_m__ascenseur__syndic__3_minutes_de_la_gare_57847733.htm
Appartement 2 terrasses 196 m² syndic déclaration totale,1020000,https://www.avito.ma/fr/tanja_balia/appartements/Appartement_2_terrasses_196_m%C2%B2_syndic_d%C3%A9claration_totale_57847729.htm
CMN-ME-1691 - Appartement à vendre à 2 Mars,2100000,https://www.avito.ma/fr/2_mars/appartements/CMN_ME_1691___Appartement_%C3%A0_vendre_%C3%A0_2_Mars_57340227.htm
Appartement terrasse 118 mètres ascenseur syndic,800000,https://www.avito.ma/fr/tanja_balia/appartements/Appartement_terrasse_118_m%C3%A8tres_ascenseur_syndic_57847705.htm
appartement ascenseur balcon vue sur la rue,450000,https://www.avito.ma/fr/marjane/appartements/appartement_ascenseur_balcon_vue_sur_la_rue_57847703.htm
appartement 4 chambres ascenseur syndic vue rue,1070000,https://www.avito.ma/fr/tanja_balia/appartements/appartement_4_chambres_ascenseur_syndic_vue_rue_57847701.htm
Appartement trois chambres salon,550000,https://www.avito.ma/fr/mabrouka/appartements/Appartement_trois_chambres_salon_57774663.htm
Appart à vendre 76 m² (Rez Chaussée) à Bouznika,530000,https://www.avito.ma/fr/autre_secteur/appartements/Appart_%C3%A0_vendre_76_m%C2%B2__Rez_Chauss%C3%A9e__%C3%A0_Bouznika_56732656.htm
Excellent Appartements à vendre,950000,https://www.avito.ma/fr/autre_secteur/appartements/Excellent_Appartements_%C3%A0_vendre_56843700.htm
À vendre studio avec terrasse,990000,https://www.avito.ma/fr/gu%C3%A9liz/appartements/%C3%80_vendre_studio_avec_terrasse_57778597.htm
Appartement à vendre 67 m² à Asilah,900000,https://www.avito.ma/fr/asilah/appartements/Appartement_%C3%A0_vendre_67_m%C2%B2_%C3%A0_Asilah_56773217.htm
Appartement à vendre 64 m² à Tanger,720000,https://www.avito.ma/fr/autre_secteur/appartements/Appartement_%C3%A0_vendre_64_m%C2%B2_%C3%A0_Tanger_57801598.htm
TNG-TA-1129 - Appartement à vendre à Msala,1350000,https://www.avito.ma/fr/autre_secteur/appartements/TNG_TA_1129___Appartement_%C3%A0_vendre_%C3%A0_Msala_57618931.htm
Appartement au 4ème étage avec ascenseur à la résidence Jawharat Al Atlas,400000,https://www.avito.ma/fr/b%C3%A9ni_mellal/appartements/Appartement_au_4%C3%A8me_%C3%A9tage_avec_ascenseur_%C3%A0_la_r%C3%A9sidence_Jawharat_Al_Atlas_57370619.htm
Appartement sarout bas de porte à vendre 127 m²,500000,https://www.avito.ma/fr/autre_secteur/appartements/Appartement_sarout_bas_de_porte_%C3%A0_vendre_127_m%C2%B2_57847626.htm
appartement a vendre,1378000,https://www.avito.ma/fr/autre_secteur/appartements/appartement_a_vendre_57847625.htm
Appartement à vendre 174m2 à Mers Sultan,440000,https://www.avito.ma/fr/mers_sultan/appartements/Appartement_%C3%A0_vendre_174m2_%C3%A0_Mers_Sultan_57145224.htm
Appartement ensoleillé à vendre,310000,https://www.avito.ma/fr/errahma/appartements/Appartement_ensoleill%C3%A9_%C3%A0_vendre_57847570.htm
Appartements à vendre près du café Russie,850000,https://www.avito.ma/fr/martil/appartements/Appartements_%C3%A0_vendre_pr%C3%A8s_du_caf%C3%A9_Russie_57739365.htm
Appartements de qualité à vendre,750000,https://www.avito.ma/fr/autre_secteur/appartements/Appartements_de_qualit%C3%A9_%C3%A0_vendre_56807420.htm
"Appartement à vendre quartier Al Fadl, 1er étage, près de Marjane",550000,https://www.avito.ma/fr/hay_izdihar/appartements/Appartement_%C3%A0_vendre_quartier_Al_Fadl__1er_%C3%A9tage__pr%C3%A8s_de_Marjane_56061531.htm
Appartement à vendre,1450000,https://www.avito.ma/fr/victor_hugo/appartements/Appartement_%C3%A0_vendre_57172033.htm
Appartement de haut standing,1650000,https://www.avito.ma/fr/safir/appartements/Appartement_de_haut_standing_57783470.htm
Appartement 79 m² en désistement à Tanger,695000,https://www.avito.ma/fr/hay_hassani/appartements/Appartement_79_m%C2%B2_en_d%C3%A9sistement_%C3%A0_Tanger_57847539.htm
Appartement à Assilah,450000,https://www.avito.ma/fr/asilah/appartements/Appartement_%C3%A0_Assilah_51739569.htm
Duplex luxueux à vendre 318 m² à Racine,4000000,https://www.avito.ma/fr/racine/appartements/Duplex_luxueux_%C3%A0_vendre_318_m%C2%B2_%C3%A0_Racine_57639979.htm
Superbe Appartement à vendre 75 m² à Marrakech,1050000,https://www.avito.ma/fr/hay_izdihar/appartements/Superbe_Appartement_%C3%A0_vendre_75_m%C2%B2_%C3%A0_Marrakech_57790073.htm
Excellent appartement meublé à vendre dans le quartier Al Saada près de Marjane,570000,https://www.avito.ma/fr/es_saada/appartements/Excellent_appartement_meubl%C3%A9_%C3%A0_vendre_dans_le_quartier_Al_Saada_pr%C3%A8s_de_Marjane_55213265.htm
Appartement sur R plus 2,930000,https://www.avito.ma/fr/hay_essalam/appartements/Appartement_sur_R_plus_2_55568045.htm
Appartement à vendre 70 m² à Essaouira,720000,https://www.avito.ma/fr/centre_ville/appartements/Appartement_%C3%A0_vendre_70_m%C2%B2_%C3%A0_Essaouira_57768043.htm
Appartement à vendre 106 m² à Dar Bouazza Tamaris,1200000,https://www.avito.ma/fr/dar_bouazza/appartements/Appartement_%C3%A0_vendre_106_m%C2%B2_%C3%A0_Dar_Bouazza_Tamaris_57490459.htm
Appartement à vendre 133 m² à Casablanca,1350000,https://www.avito.ma/fr/2_mars/appartements/Appartement_%C3%A0_vendre_133_m%C2%B2_%C3%A0_Casablanca_57480288.htm
Appartements Excellent a vendre,1200000,https://www.avito.ma/fr/autre_secteur/appartements/Appartements_Excellent_a_vendre_57006337.htm
Bel appartement à vendre calme proche de tout,450000,https://www.avito.ma/fr/wislane/appartements/Bel_appartement_%C3%A0_vendre_calme_proche_de_tout_57460389.htm
Excellent appartement à vendre à El Menzah El Jadida près de Marjane,460000,https://www.avito.ma/fr/es_saada/appartements/Excellent_appartement_%C3%A0_vendre_%C3%A0_El_Menzah_El_Jadida_pr%C3%A8s_de_Marjane_56524472.htm
Appartement à vendre 99 m² à Casablanca,950000,https://www.avito.ma/fr/sidi_maarouf/appartements/Appartement_%C3%A0_vendre_99_m%C2%B2_%C3%A0_Casablanca_56666374.htm
Appartement à vendre 122m² Casablanca Mers sultan,1366400,https://www.avito.ma/fr/mers_sultan/appartements/Appartement_%C3%A0_vendre_122m%C2%B2_Casablanca_Mers_sultan_56403599.htm
Studio à vendre à Palmier,1250000,https://www.avito.ma/fr/palmier/appartements/Studio_%C3%A0_vendre_%C3%A0_Palmier_57748665.htm
Appartement à Al Qods Bernoussi,1150000,https://www.avito.ma/fr/sidi_bernoussi/appartements/Appartement_%C3%A0_Al_Qods_Bernoussi_56314871.htm
Appartements de luxe à vendre,890000,https://www.avito.ma/fr/val_fleury/appartements/Appartements_de_luxe_%C3%A0_vendre_57665875.htm
Un appartement,1100000,https://www.avito.ma/fr/hamria/appartements/Un_appartement_57792800.htm
Bel appartement terrasse à Essaouira,850000,https://www.avito.ma/fr/centre_ville/appartements/Bel_appartement_terrasse_%C3%A0_Essaouira_57277766.htm
"Appartement à Vendre - Zouhour Targa, Marrakech",450000,https://www.avito.ma/fr/targa/appartements/Appartement_%C3%A0_Vendre___Zouhour_Targa__Marrakech_57847472.htm
"Appartement ""Soumi Vini"" dans un quartier chic près de la mosquée et sans intérêt",380000,https://www.avito.ma/fr/autre_secteur/appartements/Appartement__Soumi_Vini__dans_un_quartier_chic_pr%C3%A8s_de_la_mosqu%C3%A9e_et_sans_int%C3%A9r%C3%AAt_57737989.htm
Appartement à vendre 129 m² à Casablanca,1700000,https://www.avito.ma/fr/almaz/appartements/Appartement_%C3%A0_vendre_129_m%C2%B2_%C3%A0_Casablanca_57503328.htm
Triplex de 200m² à 200m avenue ibn badis,1120000,https://www.avito.ma/fr/autre_secteur/appartements/Triplex_de_200m%C2%B2_%C3%A0_200m_avenue_ibn_badis_57052573.htm
Excellent appartement à vendre,58,https://www.avito.ma/fr/martil/appartements/Excellent_appartement_%C3%A0_vendre_57847439.htm
Appartement à Vendre situé à Ain Mezzouar,540000,https://www.avito.ma/fr/ain_mezouar/appartements/Appartement_%C3%A0_Vendre_situ%C3%A9_%C3%A0_Ain_Mezzouar_57847436.htm
Appartement à vendre 110 m²,520000,https://www.avito.ma/fr/sidi_allal_el_bahraoui/appartements/Appartement_%C3%A0_vendre_110_m%C2%B2_57847432.htm
Appartement à vendre 92 m² à boustane El Jadida,660000,https://www.avito.ma/fr/al_boustane/appartements/Appartement_%C3%A0_vendre_92_m%C2%B2_%C3%A0_boustane_El_Jadida_57179527.htm
Studios neufs à partir de 45m2 livraison Juin 2026,27500,https://www.avito.ma/fr/gu%C3%A9liz/appartements/Studios_neufs_%C3%A0_partir_de_45m2_livraison_Juin_2026_57847416.htm
"À vendre – Appartement 119 m² – Nassim, Casablanca",1190000,https://www.avito.ma/fr/nassim/appartements/%C3%80_vendre___Appartement_119_m%C2%B2___Nassim__Casablanca_57847413.htm
Très bel appartement à vendre,970000,https://www.avito.ma/fr/wifak/appartements/Tr%C3%A8s_bel_appartement_%C3%A0_vendre_57296128.htm
Studio de Luxe Meublé à vendre,1100000,https://www.avito.ma/fr/gu%C3%A9liz/appartements/Studio_de_Luxe_Meubl%C3%A9_%C3%A0_vendre_57542020.htm
Appartement spacieux 107 m² 3 chambres,1177000,https://www.avito.ma/fr/targa/appartements/Appartement_spacieux_107_m%C2%B2_3_chambres_57837171.htm
